id,first_name,last_name,email,gender,ip_address
1,Letti,Freschi,lfreschi0@amazonaws.com,Female,136.65.144.185
2,Toby,Jaffa,tjaffa1@bing.com,Male,88.21.76.225
3,Winfred,Nutbeam,wnutbeam2@howstuffworks.com,Male,190.90.213.233
4,Wat,Beevor,wbeevor3@yellowpages.com,Male,195.191.251.76
5,Randi,Ingray,ringray4@cpanel.net,Male,110.103.172.118
6,Clarence,Dolton,cdolton5@unesco.org,Male,37.163.200.79
7,Della,Iacomini,diacomini6@umn.edu,Female,65.245.172.73
8,Miller,Cottell,mcottell7@slashdot.org,Male,127.58.60.151
9,Freddie,Lucia,flucia8@soup.io,Female,215.223.25.166
10,Wynn,Borley,wborley9@wp.com,Female,7.59.177.250
11,Emili,Blyde,eblydea@seattletimes.com,Female,39.174.189.151
12,William,Clapison,wclapisonb@slate.com,Male,59.222.64.83
13,Natalya,Greenhalf,ngreenhalfc@cornell.edu,Female,155.12.227.81
14,Celesta,Drane,cdraned@abc.net.au,Female,177.237.106.221
15,Say,Piwall,spiwalle@desdev.cn,Male,3.253.2.157
16,Benson,Weston,bwestonf@yandex.ru,Male,92.90.255.99
17,Hedvige,Aspenlon,haspenlong@usgs.gov,Female,101.73.127.79
18,Alison,Mountjoy,amountjoyh@cmu.edu,Female,191.102.61.185
19,Carlin,Gook,cgooki@nyu.edu,Male,124.227.38.178
20,Fernandina,Headings,fheadingsj@people.com.cn,Female,97.21.71.20
21,Cory,Guyer,cguyerk@auda.org.au,Female,199.53.13.41
22,Tiebold,Seeks,tseeksl@patch.com,Male,97.234.144.59
23,Calypso,Morling,cmorlingm@narod.ru,Female,158.183.224.58
24,Humfrid,Oloshin,holoshinn@microsoft.com,Male,142.165.209.118
25,Lela,Portman,lportmano@bloglines.com,Female,83.106.165.36
26,Niel,Barbary,nbarbaryp@ycombinator.com,Male,181.231.75.165
27,Frank,Sutty,fsuttyq@posterous.com,Male,229.241.164.101
28,Frasier,McGeady,fmcgeadyr@nydailynews.com,Male,125.208.204.32
29,Warde,Foulger,wfoulgers@netlog.com,Male,213.106.19.92
30,Jake,Peres,jperest@trellian.com,Male,26.137.34.195
31,Gillie,Butt,gbuttu@phpbb.com,Female,167.169.173.233
32,Ardis,Godson,agodsonv@adobe.com,Female,61.40.244.14
33,Maud,Dowman,mdowmanw@army.mil,Female,204.121.40.19
34,Benedetta,Bellard,bbellardx@naver.com,Female,90.96.172.98
35,Bartolemo,Nabbs,bnabbsy@freewebs.com,Male,154.196.69.82
36,Nappie,Wheeler,nwheelerz@prnewswire.com,Male,203.127.156.36
37,Lazarus,Ruit,lruit10@sitemeter.com,Male,49.153.35.208
38,Almeda,Scully,ascully11@netscape.com,Female,82.115.194.234
39,Bengt,Gosalvez,bgosalvez12@home.pl,Male,107.101.58.202
40,Stacy,Jeenes,sjeenes13@t.co,Male,103.228.17.242
41,Clifford,Jelliman,cjelliman14@furl.net,Male,84.103.115.165
42,Ynes,Oakenford,yoakenford15@ft.com,Female,127.153.168.39
43,Vernice,Crosskell,vcrosskell16@fema.gov,Female,84.52.58.189
44,Michaella,Cadney,mcadney17@ftc.gov,Female,41.142.109.21
45,Gustav,Kerwood,gkerwood18@etsy.com,Male,151.209.168.65
46,Charin,Morrow,cmorrow19@google.com.br,Female,32.22.91.75
47,Frederigo,Shaves,fshaves1a@studiopress.com,Male,67.103.247.59
48,Kiel,Vannoni,kvannoni1b@bloglovin.com,Male,169.160.205.210
49,Merell,Lemin,mlemin1c@freewebs.com,Male,230.104.30.229
50,Hurlee,Torrese,htorrese1d@networkadvertising.org,Male,190.250.207.215
51,Nicholle,Rainsden,nrainsden1e@yellowbook.com,Female,218.186.155.196
52,Harli,Pomeroy,hpomeroy1f@comsenz.com,Female,245.69.69.193
53,Isiahi,Barck,ibarck1g@xinhuanet.com,Male,7.66.62.225
54,Courtenay,Dows,cdows1h@odnoklassniki.ru,Female,149.223.16.46
55,Kalle,Dewdney,kdewdney1i@dmoz.org,Male,180.226.252.171
56,Clarissa,Bodimeade,cbodimeade1j@pen.io,Female,145.195.85.202
57,Lincoln,Hablet,lhablet1k@apache.org,Male,0.90.162.4
58,Joelle,Priel,jpriel1l@netvibes.com,Female,70.37.214.140
59,Shae,Edgeler,sedgeler1m@si.edu,Female,13.40.84.136
60,Anatollo,Trail,atrail1n@printfriendly.com,Male,119.19.218.152
61,Timoteo,Eccles,teccles1o@ocn.ne.jp,Male,169.38.158.86
62,Annmarie,Sorrill,asorrill1p@meetup.com,Female,237.58.111.25
63,Nathanael,Fernier,nfernier1q@g.co,Male,176.255.58.131
64,Becky,Thulborn,bthulborn1r@creativecommons.org,Female,223.213.39.122
65,Dick,Tomasi,dtomasi1s@elegantthemes.com,Male,239.163.123.148
66,Cosme,Hartman,chartman1t@wsj.com,Male,110.206.89.213
67,Forest,Pauly,fpauly1u@nsw.gov.au,Male,158.112.253.39
68,Cory,Wason,cwason1v@liveinternet.ru,Female,241.240.205.165
69,Helen-elizabeth,Dodsworth,hdodsworth1w@ihg.com,Female,62.67.238.61
70,Denise,Bewley,dbewley1x@icq.com,Female,168.142.24.81
71,Tillie,Glasscott,tglasscott1y@wordpress.com,Female,228.59.151.182
72,Salvatore,Oertzen,soertzen1z@friendfeed.com,Male,44.233.219.110
73,Pansy,Jankin,pjankin20@addthis.com,Female,112.206.144.49
74,Sherwynd,Bingell,sbingell21@oakley.com,Male,165.216.126.177
75,Jay,McEneny,jmceneny22@loc.gov,Male,149.103.202.13
76,Hamlin,O'Hingerty,hohingerty23@people.com.cn,Male,238.171.205.91
77,Arvie,De La Cote,adelacote24@miibeian.gov.cn,Male,242.12.21.114
78,Udall,Haigh,uhaigh25@statcounter.com,Male,127.69.26.112
79,Hewitt,Cakes,hcakes26@plala.or.jp,Male,126.3.113.200
80,Demetre,Seedman,dseedman27@nba.com,Male,104.40.173.207
81,Lurlene,Landers,llanders28@a8.net,Female,204.31.75.40
82,Alaster,O'Sheilds,aosheilds29@springer.com,Male,30.236.190.129
83,Shelli,Spurdens,sspurdens2a@noaa.gov,Female,14.200.166.54
84,Meade,Hammer,mhammer2b@usnews.com,Male,227.103.4.175
85,Ritchie,Clemett,rclemett2c@google.com,Male,148.143.6.142
86,Eadith,Langstrath,elangstrath2d@purevolume.com,Female,166.30.124.106
87,Benyamin,Capstaff,bcapstaff2e@typepad.com,Male,166.10.1.194
88,Marion,Vasyagin,mvasyagin2f@lulu.com,Male,13.175.119.214
89,Vina,Kochs,vkochs2g@yelp.com,Female,10.145.19.247
90,Margaret,Sollam,msollam2h@pagesperso-orange.fr,Female,75.168.93.87
91,Hansiain,Bayston,hbayston2i@umich.edu,Male,178.103.224.156
92,Elston,Darrigone,edarrigone2j@examiner.com,Male,49.83.52.223
93,Bordie,Beautyman,bbeautyman2k@devhub.com,Male,237.104.17.137
94,Corey,Wenderoth,cwenderoth2l@theguardian.com,Male,5.115.175.171
95,Nefen,Milius,nmilius2m@virginia.edu,Male,98.116.159.78
96,Brittaney,Brandassi,bbrandassi2n@cisco.com,Female,136.230.22.245
97,Cherry,Katz,ckatz2o@wunderground.com,Female,178.224.200.88
98,Cosme,Geist,cgeist2p@dagondesign.com,Male,106.181.208.241
99,Noemi,Connop,nconnop2q@latimes.com,Female,205.235.80.67
100,Felicio,Moseby,fmoseby2r@cloudflare.com,Male,143.229.203.152
101,Elane,Chave,echave2s@sakura.ne.jp,Female,29.231.20.21
102,Brit,Jakel,bjakel2t@ovh.net,Female,69.48.238.229
103,Eilis,Boissieux,eboissieux2u@bloomberg.com,Female,247.93.173.221
104,Marris,Heakins,mheakins2v@studiopress.com,Female,1.11.57.34
105,Aarika,Rawling,arawling2w@shareasale.com,Female,57.140.82.244
106,Hoebart,De Roberto,hderoberto2x@disqus.com,Male,216.87.22.61
107,Kristoforo,Bellord,kbellord2y@sakura.ne.jp,Male,220.26.154.76
108,Petey,Bellison,pbellison2z@webnode.com,Male,99.97.24.133
109,Griswold,Atto,gatto30@shutterfly.com,Male,7.183.106.105
110,Jenni,Hanlon,jhanlon31@google.com,Female,231.43.50.240
111,Gabbie,Ratnage,gratnage32@answers.com,Female,38.65.148.19
112,Kristel,Santi,ksanti33@samsung.com,Female,139.138.112.21
113,Conn,Ruspine,cruspine34@marriott.com,Male,243.131.146.140
114,Carol-jean,Mays,cmays35@irs.gov,Female,41.84.225.191
115,Alwyn,D'Ambrogio,adambrogio36@census.gov,Male,174.122.182.162
116,Philbert,Dibner,pdibner37@prnewswire.com,Male,121.164.221.55
117,Bob,Sworn,bsworn38@aboutads.info,Male,144.255.12.128
118,Shauna,Bagge,sbagge39@multiply.com,Female,91.74.120.49
119,Saidee,Klimowicz,sklimowicz3a@cloudflare.com,Female,74.14.182.125
120,Ulberto,Meaddowcroft,umeaddowcroft3b@eepurl.com,Male,191.96.120.92
121,Bria,Symcox,bsymcox3c@intel.com,Female,48.64.212.116
122,Maynard,Pepineaux,mpepineaux3d@myspace.com,Male,130.161.188.102
123,Andeee,Euels,aeuels3e@sun.com,Female,136.113.129.94
124,Zara,Gwynn,zgwynn3f@thetimes.co.uk,Female,138.32.160.27
125,Marissa,Oakhill,moakhill3g@indiegogo.com,Female,241.78.37.30
126,Genna,Heam,gheam3h@state.tx.us,Female,6.174.53.246
127,Waly,Geely,wgeely3i@acquirethisname.com,Female,14.78.109.191
128,Nichole,Shalders,nshalders3j@ucla.edu,Male,154.96.122.82
129,Beverie,Clayhill,bclayhill3k@japanpost.jp,Female,95.171.155.236
130,Linda,Pauletto,lpauletto3l@gizmodo.com,Female,85.55.171.38
131,Vania,Hardiman,vhardiman3m@facebook.com,Female,107.144.25.59
132,Archibold,Ladbrooke,aladbrooke3n@storify.com,Male,166.22.242.86
133,Stanislaus,Rolstone,srolstone3o@163.com,Male,55.77.140.72
134,Shae,Ciottoi,sciottoi3p@sogou.com,Female,97.30.209.246
135,Florinda,Massimi,fmassimi3q@dailymail.co.uk,Female,29.75.47.174
136,Keven,Michelle,kmichelle3r@yelp.com,Male,54.169.180.80
137,Anatola,Krzysztofiak,akrzysztofiak3s@google.ca,Female,48.65.86.190
138,Gypsy,Greenier,ggreenier3t@nhs.uk,Female,216.246.135.47
139,Murdock,Hancock,mhancock3u@domainmarket.com,Male,198.183.218.186
140,Dilan,Scarfe,dscarfe3v@cnet.com,Male,49.78.87.192
141,Korella,Caldwall,kcaldwall3w@elegantthemes.com,Female,105.233.121.185
142,Fairleigh,Mattiacci,fmattiacci3x@cocolog-nifty.com,Male,190.194.119.72
143,Morrie,Gorusso,mgorusso3y@skype.com,Male,34.149.71.133
144,Christoffer,Levee,clevee3z@sphinn.com,Male,221.177.138.70
145,Annnora,Lambie,alambie40@bizjournals.com,Female,142.225.49.3
146,Chryste,Frichley,cfrichley41@csmonitor.com,Female,3.11.148.255
147,Greg,Stocky,gstocky42@youku.com,Male,205.37.184.115
148,Marj,Cozens,mcozens43@npr.org,Female,194.200.208.110
149,Marne,Skelcher,mskelcher44@phoca.cz,Female,192.216.76.0
150,Brannon,Sancto,bsancto45@bloglovin.com,Male,106.167.3.230
151,Celka,Jay,cjay46@vimeo.com,Female,252.235.150.181
152,Fabiano,Ohanessian,fohanessian47@rakuten.co.jp,Male,7.159.186.155
153,Akim,Wornham,awornham48@fda.gov,Male,147.196.242.199
154,Alleen,Embery,aembery49@uol.com.br,Female,118.41.89.45
155,Milka,Greatreax,mgreatreax4a@seesaa.net,Female,154.130.22.101
156,Bennie,Townshend,btownshend4b@washington.edu,Female,25.91.8.48
157,Brody,Wattisham,bwattisham4c@people.com.cn,Male,143.163.128.92
158,Wendall,Bolle,wbolle4d@dedecms.com,Male,94.112.61.79
159,Kellby,MacLachlan,kmaclachlan4e@icio.us,Male,157.219.103.80
160,Boothe,Elcy,belcy4f@skype.com,Male,170.44.199.167
161,Jada,Pharoah,jpharoah4g@utexas.edu,Female,171.238.163.29
162,Ferrell,Origan,forigan4h@tuttocitta.it,Male,85.199.4.5
163,Roger,Arboine,rarboine4i@youtube.com,Male,198.252.32.235
164,Gil,Willingham,gwillingham4j@nationalgeographic.com,Male,155.43.10.113
165,Loy,O'Downe,lodowne4k@symantec.com,Male,236.140.131.11
166,Elysia,Pranger,epranger4l@usnews.com,Female,241.216.212.80
167,Iggy,Dougherty,idougherty4m@aboutads.info,Male,131.28.132.72
168,Judith,Madgett,jmadgett4n@ustream.tv,Female,128.211.61.176
169,Sebastien,Petren,spetren4o@bbc.co.uk,Male,186.26.124.205
170,Caren,Henbury,chenbury4p@tripod.com,Female,147.35.180.115
171,Towny,Gammie,tgammie4q@sourceforge.net,Male,128.32.102.13
172,Carlotta,McFayden,cmcfayden4r@csmonitor.com,Female,221.235.180.148
173,Lelia,Proger,lproger4s@skype.com,Female,87.103.1.4
174,Tybalt,Birdfield,tbirdfield4t@wikia.com,Male,28.193.164.29
175,Kleon,Goldsack,kgoldsack4u@imageshack.us,Male,145.146.43.112
176,Issiah,Hamblington,ihamblington4v@i2i.jp,Male,122.127.17.207
177,Ingelbert,Sowter,isowter4w@bandcamp.com,Male,131.43.9.89
178,Cherish,Ludford,cludford4x@newyorker.com,Female,238.73.251.127
179,Ham,Creagh,hcreagh4y@nationalgeographic.com,Male,168.94.186.56
180,Karita,Dresche,kdresche4z@house.gov,Female,99.109.187.22
181,Cherilynn,Hindrich,chindrich50@house.gov,Female,126.2.90.113
182,Clementine,Jerke,cjerke51@ameblo.jp,Female,53.189.18.239
183,Ira,Greiser,igreiser52@sciencedaily.com,Female,231.239.96.140
184,Cicily,Gledstane,cgledstane53@craigslist.org,Female,151.230.128.46
185,Duane,Curedale,dcuredale54@wisc.edu,Male,178.135.175.101
186,Law,Haryngton,lharyngton55@dion.ne.jp,Male,223.18.35.171
187,Hetti,Hazeldene,hhazeldene56@barnesandnoble.com,Female,112.128.207.119
188,Constantina,Kingcott,ckingcott57@unblog.fr,Female,196.214.95.11
189,Tove,Tull,ttull58@paypal.com,Female,156.141.88.144
190,Brynn,Olyfat,bolyfat59@istockphoto.com,Female,133.110.236.168
191,Manolo,Louisot,mlouisot5a@google.co.jp,Male,251.140.128.249
192,Ezekiel,Selman,eselman5b@google.com.hk,Male,160.195.188.132
193,Elden,Duckerin,educkerin5c@jugem.jp,Male,179.212.161.211
194,Marten,Yankov,myankov5d@economist.com,Male,155.101.218.110
195,Johnette,Crabb,jcrabb5e@pcworld.com,Female,211.233.54.78
196,Tybi,Augur,taugur5f@zimbio.com,Female,156.96.240.9
197,Alexis,Maher,amaher5g@google.fr,Female,18.126.123.52
198,Gisella,Castelot,gcastelot5h@alibaba.com,Female,63.94.11.6
199,Tessi,Gier,tgier5i@zimbio.com,Female,205.108.132.250
200,Clemmy,Keelin,ckeelin5j@webmd.com,Female,54.15.83.178
201,Maurita,Jakubovits,mjakubovits5k@ovh.net,Female,11.213.146.45
202,Kevan,Loosley,kloosley5l@scientificamerican.com,Male,207.206.113.251
203,Delmore,Rosone,drosone5m@irs.gov,Male,2.192.55.152
204,Gawen,Garken,ggarken5n@usatoday.com,Male,192.52.20.245
205,Bobbie,Brussell,bbrussell5o@php.net,Male,8.132.131.121
206,Maurizio,Philipard,mphilipard5p@macromedia.com,Male,92.230.236.107
207,Catlaina,Richmont,crichmont5q@so-net.ne.jp,Female,254.64.4.117
208,Wood,Sampey,wsampey5r@berkeley.edu,Male,113.69.210.151
209,Emmy,Standingford,estandingford5s@narod.ru,Male,202.195.214.139
210,Marleen,Robins,mrobins5t@sohu.com,Female,170.87.249.164
211,Lou,Seward,lseward5u@scientificamerican.com,Male,155.200.184.1
212,Stan,Sybe,ssybe5v@fc2.com,Male,181.165.135.165
213,Daveta,Tuffell,dtuffell5w@surveymonkey.com,Female,68.99.220.129
214,Abbott,Trematick,atrematick5x@discovery.com,Male,249.202.31.199
215,Karole,MacCarlich,kmaccarlich5y@nih.gov,Female,245.240.118.42
216,Boone,Piller,bpiller5z@stumbleupon.com,Male,26.172.88.43
217,Elnar,Claxton,eclaxton60@earthlink.net,Male,0.249.204.76
218,Linea,Burdin,lburdin61@geocities.com,Female,65.90.37.52
219,Derward,Willingam,dwillingam62@domainmarket.com,Male,216.164.12.199
220,Clair,McKelloch,cmckelloch63@360.cn,Female,62.74.169.248
221,Dulce,Adamo,dadamo64@instagram.com,Female,98.66.210.240
222,Hube,Dowbekin,hdowbekin65@live.com,Male,133.111.142.244
223,Stevana,Rix,srix66@twitpic.com,Female,159.181.216.184
224,Adela,Leatt,aleatt67@google.fr,Female,54.181.205.211
225,Brod,Cardew,bcardew68@theguardian.com,Male,99.118.108.147
226,Elane,Whitington,ewhitington69@seattletimes.com,Female,59.122.220.29
227,Rosene,Moloney,rmoloney6a@google.de,Female,102.87.53.97
228,Adam,Palfreman,apalfreman6b@hc360.com,Male,170.12.144.222
229,Hervey,Langthorne,hlangthorne6c@ustream.tv,Male,42.237.88.49
230,Geneva,Wreight,gwreight6d@army.mil,Female,205.253.179.35
231,Alisa,Dailey,adailey6e@pbs.org,Female,73.228.123.234
232,Fitz,Horrell,fhorrell6f@baidu.com,Male,189.96.156.104
233,Goddard,Legerwood,glegerwood6g@sfgate.com,Male,94.209.231.23
234,Harmon,Trethewey,htrethewey6h@hhs.gov,Male,169.230.254.184
235,Micheal,Girsch,mgirsch6i@theguardian.com,Male,147.66.12.81
236,Sisile,Guterson,sguterson6j@instagram.com,Female,158.32.32.192
237,Dagmar,Tourville,dtourville6k@issuu.com,Female,129.225.243.129
238,Lida,Lenormand,llenormand6l@freewebs.com,Female,246.226.227.204
239,Selestina,Romaynes,sromaynes6m@usnews.com,Female,222.174.156.133
240,Willdon,Tarbet,wtarbet6n@youtube.com,Male,209.165.191.107
241,Eddy,Le Prevost,eleprevost6o@aol.com,Female,249.80.210.187
242,Bruno,Hoyland,bhoyland6p@fda.gov,Male,238.78.120.87
243,Sarajane,Cuzen,scuzen6q@comsenz.com,Female,138.209.21.98
244,Stafani,Bassindale,sbassindale6r@omniture.com,Female,123.14.144.254
245,Daffi,Scoggan,dscoggan6s@ameblo.jp,Female,200.41.242.124
246,Bibby,Tardiff,btardiff6t@drupal.org,Female,72.157.145.197
247,Thomas,Maddyson,tmaddyson6u@foxnews.com,Male,46.125.230.32
248,Adolpho,Danielkiewicz,adanielkiewicz6v@paypal.com,Male,197.21.185.116
249,Nelli,Fasey,nfasey6w@chron.com,Female,244.121.73.145
250,Land,Pfeffel,lpfeffel6x@jigsy.com,Male,120.70.190.242
251,Guss,Osband,gosband6y@mashable.com,Male,178.53.171.108
252,Aura,Sket,asket6z@wisc.edu,Female,82.133.102.254
253,Ludvig,Donisi,ldonisi70@yahoo.co.jp,Male,195.134.24.50
254,Elizabet,Boole,eboole71@google.cn,Female,109.92.247.187
255,Domenico,Brane,dbrane72@sina.com.cn,Male,21.1.151.60
256,Fabian,Zannotti,fzannotti73@elegantthemes.com,Male,106.216.52.153
257,Killian,Franzoli,kfranzoli74@irs.gov,Male,116.247.128.57
258,Burg,Shirer,bshirer75@shareasale.com,Male,40.14.165.200
259,Blayne,Really,breally76@nbcnews.com,Male,28.14.92.87
260,West,Livick,wlivick77@live.com,Male,199.80.37.172
261,Trescha,Sammon,tsammon78@youtu.be,Female,160.70.52.22
262,Horace,Gaymer,hgaymer79@disqus.com,Male,155.179.202.21
263,Wendi,Byrch,wbyrch7a@blogs.com,Female,201.202.174.218
264,Rafe,Serjent,rserjent7b@umn.edu,Male,226.19.145.37
265,Cyril,Mulvy,cmulvy7c@utexas.edu,Male,193.16.7.25
266,Freda,McGlynn,fmcglynn7d@cyberchimps.com,Female,87.119.46.196
267,Valaria,Antoniou,vantoniou7e@disqus.com,Female,71.184.180.241
268,Armando,Ladd,aladd7f@sitemeter.com,Male,80.9.234.184
269,Doretta,Donisi,ddonisi7g@guardian.co.uk,Female,131.7.191.46
270,Candra,Titterrell,ctitterrell7h@about.me,Female,123.80.170.28
271,Tamra,Reijmers,treijmers7i@bandcamp.com,Female,24.130.247.135
272,Cristine,Turmall,cturmall7j@sun.com,Female,205.124.213.79
273,Anette,Maunder,amaunder7k@last.fm,Female,138.110.227.106
274,Bar,Raithby,braithby7l@phoca.cz,Male,220.53.74.19
275,Weidar,Lax,wlax7m@google.cn,Male,147.234.17.228
276,Quinn,Verne,qverne7n@odnoklassniki.ru,Female,145.230.241.90
277,Addison,Hindge,ahindge7o@constantcontact.com,Male,147.182.34.46
278,Ema,Parkyn,eparkyn7p@com.com,Female,10.157.170.14
279,Rabbi,Stitwell,rstitwell7q@ustream.tv,Male,61.92.117.70
280,Sally,Philipsson,sphilipsson7r@kickstarter.com,Female,185.188.66.234
281,Murdock,Dobbyn,mdobbyn7s@rambler.ru,Male,137.238.197.229
282,Davey,Kerfut,dkerfut7t@xrea.com,Male,23.219.213.114
283,Julian,Faulconer,jfaulconer7u@tuttocitta.it,Male,51.98.105.20
284,Jim,Peggrem,jpeggrem7v@desdev.cn,Male,173.139.49.199
285,Care,Soars,csoars7w@ask.com,Male,171.221.105.137
286,Romain,Copnall,rcopnall7x@topsy.com,Male,122.98.248.114
287,Myrtle,Dunsmuir,mdunsmuir7y@free.fr,Female,98.38.132.156
288,Mac,Bourner,mbourner7z@odnoklassniki.ru,Male,36.173.182.234
289,Brocky,Moulson,bmoulson80@amazon.com,Male,33.10.39.243
290,Cordie,Goodley,cgoodley81@hexun.com,Male,242.226.94.61
291,Hollis,Scates,hscates82@plala.or.jp,Male,253.140.119.126
292,Gerti,Garfoot,ggarfoot83@bing.com,Female,192.236.190.130
293,Barthel,Pallent,bpallent84@is.gd,Male,108.162.68.142
294,Cinda,Littledyke,clittledyke85@hhs.gov,Female,133.212.203.91
295,Isac,Rubinfeld,irubinfeld86@google.nl,Male,186.224.167.60
296,Ferrell,Thurlow,fthurlow87@yale.edu,Male,91.201.184.177
297,Matty,Blaw,mblaw88@360.cn,Female,125.178.217.7
298,Vladamir,Stanyland,vstanyland89@yahoo.co.jp,Male,104.103.172.168
299,Joel,Radden,jradden8a@netscape.com,Male,198.243.95.177
300,Aimee,Dods,adods8b@phoca.cz,Female,25.159.30.193
301,Christabel,Cousin,ccousin8c@mlb.com,Female,166.42.86.220
302,Vitia,Jaumet,vjaumet8d@devhub.com,Female,66.30.206.190
303,Augie,Glancey,aglancey8e@ning.com,Male,32.168.184.76
304,Phoebe,Jeandillou,pjeandillou8f@wikimedia.org,Female,235.250.123.222
305,Constancy,Westhofer,cwesthofer8g@globo.com,Female,133.140.155.23
306,Judd,Harlick,jharlick8h@marriott.com,Male,214.54.46.150
307,Krysta,Saunder,ksaunder8i@xrea.com,Female,59.122.220.107
308,Lydie,Stormouth,lstormouth8j@berkeley.edu,Female,105.170.127.203
309,Angelia,Colnet,acolnet8k@techcrunch.com,Female,162.82.42.183
310,Mason,Vanelli,mvanelli8l@reverbnation.com,Male,182.117.167.144
311,Moina,Rosengren,mrosengren8m@fema.gov,Female,211.21.125.124
312,Cherish,Ruilton,cruilton8n@jalbum.net,Female,0.82.15.236
313,Terri-jo,Harniman,tharniman8o@independent.co.uk,Female,92.248.116.161
314,Dewain,Aistrop,daistrop8p@salon.com,Male,133.187.166.82
315,Angie,Stollenwerck,astollenwerck8q@fc2.com,Male,31.148.59.127
316,Oralle,Tolley,otolley8r@mapquest.com,Female,132.239.133.105
317,Cedric,Vallentin,cvallentin8s@vistaprint.com,Male,95.51.163.243
318,Griffy,Keemar,gkeemar8t@photobucket.com,Male,32.117.86.130
319,Brigit,Baseley,bbaseley8u@ifeng.com,Female,190.133.197.215
320,Kimmi,Wycherley,kwycherley8v@blinklist.com,Female,83.144.240.208
321,Fredelia,Keady,fkeady8w@deliciousdays.com,Female,251.94.48.142
322,Inglis,Littlecote,ilittlecote8x@shutterfly.com,Male,87.133.44.176
323,Tracie,Bradburne,tbradburne8y@weebly.com,Female,211.215.145.125
324,Kaylil,Richardet,krichardet8z@skyrock.com,Female,91.9.149.98
325,Codie,Kasman,ckasman90@example.com,Male,192.202.7.240
326,Minta,Mattheeuw,mmattheeuw91@addtoany.com,Female,68.38.144.71
327,Trefor,Gilchrist,tgilchrist92@google.pl,Male,231.155.9.34
328,Correy,Lethardy,clethardy93@samsung.com,Female,252.223.214.126
329,Cobbie,Sydes,csydes94@jugem.jp,Male,138.65.184.45
330,Spence,Meddings,smeddings95@nationalgeographic.com,Male,188.142.127.234
331,Rudolph,Bealton,rbealton96@aboutads.info,Male,27.42.51.147
332,Tarra,Vell,tvell97@ihg.com,Female,133.244.97.138
333,Nicolle,Casetta,ncasetta98@yolasite.com,Female,137.193.202.190
334,Olimpia,McDill,omcdill99@flickr.com,Female,2.140.54.38
335,Jamaal,Girardi,jgirardi9a@posterous.com,Male,99.178.182.137
336,Hillery,Huygens,hhuygens9b@domainmarket.com,Male,205.135.234.115
337,Anstice,Cupitt,acupitt9c@examiner.com,Female,26.144.80.72
338,Griffy,Amys,gamys9d@altervista.org,Male,170.100.117.161
339,Noellyn,Hartley,nhartley9e@ucoz.com,Female,92.166.130.82
340,Brittni,Evesque,bevesque9f@blinklist.com,Female,42.82.124.195
341,Noll,Kondratenko,nkondratenko9g@quantcast.com,Male,145.147.232.210
342,Neron,Goudard,ngoudard9h@nytimes.com,Male,55.77.46.42
343,Tammie,Albrook,talbrook9i@cargocollective.com,Female,62.4.203.76
344,Abbey,Chessor,achessor9j@naver.com,Female,215.231.31.107
345,Audrie,Braidwood,abraidwood9k@vistaprint.com,Female,47.251.143.122
346,Serene,Simoens,ssimoens9l@alibaba.com,Female,76.24.35.128
347,Kelby,Maddicks,kmaddicks9m@lulu.com,Male,10.86.66.135
348,Ammamaria,Abbe,aabbe9n@squidoo.com,Female,37.27.26.138
349,Hasheem,Spellacy,hspellacy9o@bbb.org,Male,65.250.207.163
350,Tierney,Champley,tchampley9p@surveymonkey.com,Female,175.197.186.56
351,Emile,Gleave,egleave9q@economist.com,Male,5.199.211.188
352,Blake,Marfield,bmarfield9r@yelp.com,Male,157.244.207.196
353,Miguela,Petrusch,mpetrusch9s@state.gov,Female,142.100.116.160
354,Genvieve,Whalley,gwhalley9t@wired.com,Female,221.49.142.175
355,Bendicty,Feldfisher,bfeldfisher9u@sbwire.com,Male,209.155.229.133
356,Rozina,Juleff,rjuleff9v@blogs.com,Female,51.163.162.15
357,Rossy,Burchill,rburchill9w@unesco.org,Male,144.128.226.214
358,Ailyn,Millsom,amillsom9x@seattletimes.com,Female,127.104.162.41
359,Peadar,Jiles,pjiles9y@chron.com,Male,83.62.1.252
360,Kile,Henstridge,khenstridge9z@earthlink.net,Male,213.70.135.77
361,Lotty,Strawbridge,lstrawbridgea0@miitbeian.gov.cn,Female,44.75.52.208
362,Bianka,De Bruijne,bdebruijnea1@dell.com,Female,8.156.75.139
363,Kane,Bras,kbrasa2@gizmodo.com,Male,154.117.156.21
364,Hewet,Henrique,hhenriquea3@goo.gl,Male,219.113.78.227
365,Cordy,Marchington,cmarchingtona4@mac.com,Male,119.105.163.139
366,Augie,Facchini,afacchinia5@adobe.com,Male,226.162.28.220
367,Jillane,Bartoloma,jbartolomaa6@techcrunch.com,Female,79.221.87.244
368,Torin,Staden,tstadena7@ustream.tv,Male,53.18.11.86
369,Leighton,Pol,lpola8@homestead.com,Male,0.193.36.24
370,Cyrill,Pennigar,cpennigara9@google.com.hk,Male,106.134.102.127
371,Melisandra,Rishworth,mrishworthaa@drupal.org,Female,199.11.22.205
372,Fallon,Hedney,fhedneyab@baidu.com,Female,161.228.128.149
373,Cassondra,Hammersley,chammersleyac@latimes.com,Female,3.247.226.134
374,Delores,Skim,dskimad@elpais.com,Female,117.200.138.12
375,Cary,Spensley,cspensleyae@blogspot.com,Female,61.45.145.53
376,Lannie,Tzarkov,ltzarkovaf@yellowpages.com,Male,253.153.32.185
377,Dyanna,MacGinley,dmacginleyag@wordpress.com,Female,182.95.7.14
378,Nydia,Francillo,nfrancilloah@theatlantic.com,Female,59.137.108.105
379,Karna,Vigars,kvigarsai@gmpg.org,Female,221.98.68.19
380,Weber,Lindwasser,wlindwasseraj@narod.ru,Male,242.61.155.71
381,Aubrey,Stoile,astoileak@businessinsider.com,Male,178.194.26.7
382,Nicholas,Rolland,nrollandal@myspace.com,Male,249.99.28.96
383,Adrienne,Klimek,aklimekam@bigcartel.com,Female,176.238.27.254
384,Northrop,Outright,noutrightan@home.pl,Male,23.154.13.0
385,Shelden,Radborne,sradborneao@cisco.com,Male,254.38.103.144
386,Vanna,Flack,vflackap@g.co,Female,222.255.147.245
387,Stillmann,Toffano,stoffanoaq@naver.com,Male,138.238.67.85
388,Darell,Lobley,dlobleyar@squidoo.com,Female,228.108.94.246
389,Libbie,Perotti,lperottias@histats.com,Female,25.52.111.241
390,Clywd,Mongain,cmongainat@craigslist.org,Male,168.251.178.244
391,Myra,Cowderoy,mcowderoyau@rakuten.co.jp,Female,104.156.235.33
392,Jennine,Brodeau,jbrodeauav@edublogs.org,Female,66.234.193.196
393,Hedy,Blease,hbleaseaw@arstechnica.com,Female,241.229.168.211
394,Constanta,Feuell,cfeuellax@pinterest.com,Female,137.25.244.134
395,Deirdre,Mourton,dmourtonay@photobucket.com,Female,161.98.153.118
396,Tessa,Losseljong,tlosseljongaz@youku.com,Female,87.9.233.255
397,Whitman,Merriott,wmerriottb0@webmd.com,Male,255.223.90.117
398,Abbott,Sidebotham,asidebothamb1@typepad.com,Male,139.67.151.102
399,Grete,Chinge,gchingeb2@mediafire.com,Female,161.184.35.199
400,Freddie,Braddon,fbraddonb3@hubpages.com,Male,197.30.158.33
401,Berkie,Haville,bhavilleb4@aboutads.info,Male,33.145.166.111
402,Shane,Lethem,slethemb5@ask.com,Male,134.80.50.189
403,Peyton,Conford,pconfordb6@merriam-webster.com,Male,35.50.31.206
404,Anissa,Hallitt,ahallittb7@ebay.co.uk,Female,186.45.99.131
405,Peria,Jenkyn,pjenkynb8@uiuc.edu,Female,149.17.19.159
406,Nissa,O'Cannan,nocannanb9@opera.com,Female,212.29.152.73
407,Dill,Skitterel,dskitterelba@fastcompany.com,Male,169.206.118.191
408,Roddy,Paal,rpaalbb@discovery.com,Male,202.156.186.132
409,Athena,Cosens,acosensbc@umn.edu,Female,214.123.252.187
410,Ryann,Locarno,rlocarnobd@mac.com,Female,104.59.196.158
411,Shirl,Askham,saskhambe@flavors.me,Female,252.13.0.167
412,Fredi,Havock,fhavockbf@google.cn,Female,110.130.148.121
413,Holt,Hartfield,hhartfieldbg@cnn.com,Male,255.60.243.251
414,Janeva,Skarr,jskarrbh@yelp.com,Female,135.20.59.165
415,Maximo,Neumann,mneumannbi@1und1.de,Male,135.149.132.255
416,Uta,Rhoades,urhoadesbj@storify.com,Female,242.188.176.161
417,Polly,Russen,prussenbk@live.com,Female,0.64.189.153
418,Charles,Cheek,ccheekbl@dedecms.com,Male,222.186.99.5
419,Murry,Balducci,mbalduccibm@alexa.com,Male,93.101.113.255
420,Sully,Hartopp,shartoppbn@feedburner.com,Male,135.193.62.136
421,Jere,Dunkerton,jdunkertonbo@stanford.edu,Female,3.56.18.39
422,Howey,Fryd,hfrydbp@hibu.com,Male,11.54.10.122
423,Laird,Nichol,lnicholbq@homestead.com,Male,185.9.235.201
424,Theresina,Rosenblatt,trosenblattbr@biglobe.ne.jp,Female,28.125.70.2
425,Rasla,Fasler,rfaslerbs@archive.org,Female,100.67.130.73
426,Patten,Sutter,psutterbt@sourceforge.net,Male,101.235.14.158
427,Marilee,Dennerley,mdennerleybu@de.vu,Female,114.114.249.103
428,Gideon,Durran,gdurranbv@canalblog.com,Male,204.89.92.68
429,Sharline,Fayer,sfayerbw@google.pl,Female,131.53.142.143
430,Lilith,Doone,ldoonebx@techcrunch.com,Female,11.1.112.85
431,Britta,Loker,blokerby@sina.com.cn,Female,148.46.155.30
432,Jonah,Mauvin,jmauvinbz@sfgate.com,Male,167.49.175.187
433,Josefa,Dandie,jdandiec0@wikimedia.org,Female,180.147.65.101
434,Antonina,Markova,amarkovac1@chicagotribune.com,Female,169.76.47.128
435,Hagen,Jouhandeau,hjouhandeauc2@diigo.com,Male,157.49.130.65
436,Jdavie,Ridolfo,jridolfoc3@si.edu,Male,184.45.10.148
437,Eula,Leebetter,eleebetterc4@prweb.com,Female,101.52.210.228
438,Mendel,Foukx,mfoukxc5@howstuffworks.com,Male,23.210.76.36
439,Dinnie,Mc-Kerley,dmckerleyc6@deliciousdays.com,Female,183.144.211.96
440,Saxe,Linforth,slinforthc7@pbs.org,Male,66.61.173.220
441,Boone,Corden,bcordenc8@time.com,Male,51.135.33.246
442,Anastassia,Wilson,awilsonc9@purevolume.com,Female,187.30.206.249
443,Jens,Pile,jpileca@about.me,Male,189.69.65.42
444,Fenelia,MacAndreis,fmacandreiscb@dion.ne.jp,Female,119.254.39.60
445,Cory,Hawe,chawecc@webeden.co.uk,Male,10.11.83.19
446,Kingston,Fleckno,kflecknocd@google.it,Male,24.155.13.122
447,Abbe,Cuttler,acuttlerce@google.ca,Male,159.166.160.29
448,Tally,Wythe,twythecf@purevolume.com,Male,180.216.131.58
449,Belle,Copsey,bcopseycg@webs.com,Female,148.27.158.192
450,Clive,Ping,cpingch@apple.com,Male,217.29.189.122
451,Cordey,Sepey,csepeyci@reverbnation.com,Female,151.145.223.216
452,Mariann,Baynard,mbaynardcj@drupal.org,Female,196.210.148.185
453,Sterling,Touson,stousonck@wsj.com,Male,174.85.141.19
454,Burgess,Philbrook,bphilbrookcl@ftc.gov,Male,199.217.97.124
455,Matty,Jann,mjanncm@issuu.com,Male,231.11.204.78
456,Rollin,Duchant,rduchantcn@google.es,Male,245.221.132.156
457,Herbie,Stithe,hstitheco@psu.edu,Male,225.242.16.235
458,Cristabel,Albon,calboncp@tinyurl.com,Female,108.163.137.126
459,Alexander,Stubbert,astubbertcq@google.co.uk,Male,102.210.188.223
460,Jason,Kosiada,jkosiadacr@over-blog.com,Male,73.195.99.243
461,Chrissie,O'Neil,coneilcs@ocn.ne.jp,Female,168.157.207.238
462,Tony,Heathwood,theathwoodct@ifeng.com,Female,134.120.57.90
463,Sandie,Merrien,smerriencu@virginia.edu,Female,253.1.167.24
464,Sherwood,Reddecliffe,sreddecliffecv@biblegateway.com,Male,72.31.246.11
465,Doll,Chidler,dchidlercw@netscape.com,Female,6.179.60.58
466,Chadd,Towsie,ctowsiecx@ftc.gov,Male,67.50.194.250
467,Derrik,Aleksandrev,daleksandrevcy@netlog.com,Male,218.191.175.57
468,Tamara,Merrin,tmerrincz@washingtonpost.com,Female,247.131.189.241
469,Angelika,Grierson,agriersond0@deviantart.com,Female,109.160.237.31
470,Thorndike,Sinncock,tsinncockd1@github.io,Male,215.22.205.176
471,Barde,Djordjevic,bdjordjevicd2@gnu.org,Male,204.215.229.228
472,Domenico,Boscott,dboscottd3@weebly.com,Male,55.113.53.19
473,Tiphanie,Giacovetti,tgiacovettid4@blog.com,Female,211.201.175.177
474,Abbott,Todman,atodmand5@jalbum.net,Male,183.62.48.156
475,Johann,Ralls,jrallsd6@pinterest.com,Male,89.110.155.189
476,Filmer,Conisbee,fconisbeed7@etsy.com,Male,252.24.135.21
477,Tandi,McLurg,tmclurgd8@wp.com,Female,71.19.145.30
478,Haskel,Gymblett,hgymblettd9@comsenz.com,Male,248.251.53.119
479,Anastasia,Cordelette,acordeletteda@cisco.com,Female,249.18.8.46
480,Antone,Sandys,asandysdb@dmoz.org,Male,172.28.70.207
481,Zacharie,Tendahl,ztendahldc@netvibes.com,Male,171.105.189.92
482,Billie,McFfaden,bmcffadendd@posterous.com,Male,66.38.146.52
483,Eula,Godsmark,egodsmarkde@csmonitor.com,Female,156.222.206.111
484,Artemus,Matterface,amatterfacedf@freewebs.com,Male,110.122.115.194
485,Laurens,O'Farrell,lofarrelldg@vinaora.com,Male,41.108.123.157
486,Hermina,Hardage,hhardagedh@sourceforge.net,Female,155.72.76.138
487,Sydney,Mackneis,smackneisdi@blinklist.com,Male,208.22.146.215
488,Farris,Daniell,fdanielldj@toplist.cz,Male,219.133.149.102
489,Kelvin,Baudassi,kbaudassidk@privacy.gov.au,Male,82.11.103.164
490,Karalee,Barbier,kbarbierdl@smugmug.com,Female,71.239.194.14
491,Peria,Dufall,pdufalldm@e-recht24.de,Female,161.33.135.56
492,Angelika,Ffrench,affrenchdn@twitter.com,Female,72.4.100.30
493,Ogdon,Eymer,oeymerdo@bbb.org,Male,56.3.47.18
494,Galen,Kohrsen,gkohrsendp@theatlantic.com,Male,231.29.169.135
495,Rip,Pieroni,rpieronidq@chron.com,Male,118.171.9.205
496,Cathe,Shakle,cshakledr@fda.gov,Female,20.213.58.225
497,Maggee,Gwilliam,mgwilliamds@ca.gov,Female,190.35.160.147
498,Rawley,Peart,rpeartdt@liveinternet.ru,Male,39.244.185.178
499,Thaine,Ellsbury,tellsburydu@wix.com,Male,86.139.116.42
500,Car,McMenamy,cmcmenamydv@godaddy.com,Male,12.227.129.55
501,Padriac,Bolley,pbolleydw@wix.com,Male,211.193.150.79
502,Fernande,Friberg,ffribergdx@acquirethisname.com,Female,198.42.199.78
503,Edik,Reford,ereforddy@wired.com,Male,252.146.132.85
504,Demetrius,Yaus,dyausdz@ehow.com,Male,245.44.40.101
505,Nichol,Ferrolli,nferrollie0@spotify.com,Female,69.218.141.38
506,Brigitte,Tiltman,btiltmane1@tripod.com,Female,35.13.139.62
507,Rania,Kinnin,rkinnine2@hexun.com,Female,206.46.115.183
508,Meghan,Seedman,mseedmane3@wix.com,Female,108.102.212.218
509,Valaria,Ivie,viviee4@last.fm,Female,41.107.19.102
510,Melicent,Lysons,mlysonse5@surveymonkey.com,Female,158.124.248.220
511,Torrey,Comer,tcomere6@ca.gov,Male,106.49.116.18
512,Pail,Riccelli,priccellie7@sogou.com,Male,131.199.85.59
513,Marybelle,McMillan,mmcmillane8@multiply.com,Female,79.206.224.60
514,Hussein,Teodorski,hteodorskie9@businessinsider.com,Male,254.19.216.93
515,Obadias,Whapham,owhaphamea@mediafire.com,Male,156.186.92.230
516,Milty,Assel,masseleb@ifeng.com,Male,122.106.28.55
517,Merrielle,Whitehead,mwhiteheadec@cornell.edu,Female,116.24.1.49
518,Wileen,Barhams,wbarhamsed@independent.co.uk,Female,164.159.134.147
519,Bary,Purviss,bpurvissee@marriott.com,Male,224.180.153.185
520,Madelena,Cater,mcateref@tiny.cc,Female,35.135.22.68
521,Reggie,Tansill,rtansilleg@bbc.co.uk,Male,232.202.71.38
522,Koo,Mathias,kmathiaseh@mtv.com,Female,109.19.103.203
523,Gianni,Bleyman,gbleymanei@stumbleupon.com,Male,202.81.101.165
524,Roderick,Arnow,rarnowej@stumbleupon.com,Male,204.246.16.121
525,Munroe,Wolfe,mwolfeek@drupal.org,Male,77.90.234.29
526,Frederique,Verdey,fverdeyel@europa.eu,Female,169.224.43.136
527,Elbertina,Gingold,egingoldem@infoseek.co.jp,Female,154.101.151.20
528,Carrie,Zorn,czornen@barnesandnoble.com,Female,190.122.73.185
529,Herta,Jore,hjoreeo@flavors.me,Female,59.132.26.164
530,Saul,Leavy,sleavyep@biblegateway.com,Male,155.18.72.252
531,Valma,Peddar,vpeddareq@examiner.com,Female,110.38.247.195
532,Ernst,Bereford,ebereforder@zimbio.com,Male,163.203.194.49
533,Slade,Weddup,sweddupes@cornell.edu,Male,80.195.112.204
534,Nanete,Cromley,ncromleyet@java.com,Female,239.65.228.9
535,Lucretia,MacPherson,lmacphersoneu@seesaa.net,Female,89.159.58.141
536,Kass,Greenroa,kgreenroaev@t.co,Female,171.223.79.17
537,Wiley,Thumnel,wthumnelew@google.com.hk,Male,243.218.205.152
538,Georgeta,Antcliff,gantcliffex@usa.gov,Female,52.19.8.162
539,Marleah,Barlee,mbarleeey@taobao.com,Female,158.74.69.90
540,Winifield,Peto,wpetoez@mozilla.org,Male,225.195.172.39
541,Carena,Sommer,csommerf0@hud.gov,Female,45.51.100.123
542,Bradney,Nassau,bnassauf1@engadget.com,Male,82.78.205.36
543,Ceciley,Kilfether,ckilfetherf2@pagesperso-orange.fr,Female,15.191.173.157
544,Bunny,Barnish,bbarnishf3@oakley.com,Female,186.142.253.35
545,Northrop,Deshon,ndeshonf4@hud.gov,Male,40.171.243.108
546,Mordecai,Fullylove,mfullylovef5@geocities.jp,Male,101.117.72.32
547,Ange,Alvarado,aalvaradof6@ycombinator.com,Male,103.218.95.227
548,Gino,Nance,gnancef7@google.de,Male,192.235.254.197
549,Thoma,Ditzel,tditzelf8@xrea.com,Male,187.195.126.188
550,Karly,Rollo,krollof9@oakley.com,Female,146.68.90.122
551,Hirsch,Manion,hmanionfa@vinaora.com,Male,108.192.78.202
552,Mathias,Nye,mnyefb@sourceforge.net,Male,134.116.172.190
553,Else,Jollie,ejolliefc@vistaprint.com,Female,162.186.216.194
554,Hershel,Nussgen,hnussgenfd@amazonaws.com,Male,91.0.157.198
555,Rene,Brundell,rbrundellfe@reuters.com,Male,88.161.135.38
556,Joey,Mochar,jmocharff@nyu.edu,Male,156.229.130.121
557,Ardyth,Jakuszewski,ajakuszewskifg@myspace.com,Female,215.139.224.107
558,Gherardo,Ponsford,gponsfordfh@symantec.com,Male,230.17.186.249
559,Siobhan,Colledge,scolledgefi@deliciousdays.com,Female,215.156.136.36
560,Jemmy,Antonucci,jantonuccifj@toplist.cz,Female,190.153.114.243
561,Jessa,McWilliams,jmcwilliamsfk@deliciousdays.com,Female,250.164.48.150
562,Klarrisa,St. Hill,ksthillfl@cloudflare.com,Female,132.107.229.138
563,Linn,Meneo,lmeneofm@pinterest.com,Female,145.34.46.243
564,Hughie,Iskowicz,hiskowiczfn@usatoday.com,Male,50.243.253.190
565,Abigael,Ferns,afernsfo@buzzfeed.com,Female,82.67.78.128
566,Brant,Stollenhof,bstollenhoffp@comcast.net,Male,138.62.37.239
567,Marcela,Ruxton,mruxtonfq@google.co.jp,Female,155.234.164.251
568,Leland,Alywin,lalywinfr@mozilla.com,Male,144.2.154.236
569,Tani,Redmond,tredmondfs@phpbb.com,Female,227.168.49.183
570,Ania,Bartosik,abartosikft@hud.gov,Female,51.5.215.245
571,Nat,Pendreigh,npendreighfu@skype.com,Female,17.29.159.96
572,Trevar,Dragge,tdraggefv@amazon.com,Male,16.23.64.21
573,Bethanne,Clamp,bclampfw@senate.gov,Female,242.30.99.37
574,Johnath,Wells,jwellsfx@parallels.com,Female,245.209.83.220
575,Joni,McAteer,jmcateerfy@deviantart.com,Female,108.150.45.104
576,Jonas,Tregonna,jtregonnafz@ow.ly,Male,136.10.118.58
577,Milo,Gemeau,mgemeaug0@google.com.br,Male,85.213.174.204
578,Loleta,Finn,lfinng1@seesaa.net,Female,91.5.32.52
579,Dulsea,Braithwaite,dbraithwaiteg2@uiuc.edu,Female,70.68.230.228
580,Lenore,Royan,lroyang3@skype.com,Female,228.113.79.80
581,Lena,Crotty,lcrottyg4@house.gov,Female,150.46.227.57
582,Jackson,Amis,jamisg5@mozilla.com,Male,23.89.229.181
583,Pete,Weaben,pweabeng6@nydailynews.com,Male,212.182.195.109
584,Ibbie,Insall,iinsallg7@gov.uk,Female,112.123.75.196
585,Cletis,Bilfoot,cbilfootg8@gov.uk,Male,139.143.251.214
586,Belia,Hendrik,bhendrikg9@hatena.ne.jp,Female,208.39.140.213
587,Ceil,Hattiff,chattiffga@github.io,Female,68.116.136.51
588,Nicolai,Bowcock,nbowcockgb@imgur.com,Male,166.34.24.177
589,Emmerich,McAughtrie,emcaughtriegc@odnoklassniki.ru,Male,175.211.78.69
590,Delly,Jacquemard,djacquemardgd@friendfeed.com,Female,249.211.30.85
591,Lovell,Flux,lfluxge@virginia.edu,Male,99.169.204.66
592,Hali,Nickell,hnickellgf@histats.com,Female,44.95.53.237
593,Tiffy,Sweetenham,tsweetenhamgg@posterous.com,Female,244.30.116.99
594,Emmott,Lidington,elidingtongh@networksolutions.com,Male,197.54.96.88
595,Alexa,Gerwood,agerwoodgi@youtu.be,Female,80.6.225.249
596,Lenora,Ambrogioni,lambrogionigj@geocities.com,Female,200.83.210.243
597,Edsel,Ouldcott,eouldcottgk@youtube.com,Male,218.53.194.54
598,Glen,Corah,gcorahgl@nature.com,Male,211.203.20.153
599,Johny,Guitte,jguittegm@ihg.com,Male,69.37.69.66
600,Dyann,Aizic,daizicgn@alexa.com,Female,150.148.248.202
601,Bradney,Tann,btanngo@dyndns.org,Male,243.67.120.42
602,Giorgio,Shinton,gshintongp@simplemachines.org,Male,116.177.32.223
603,Thalia,Saladine,tsaladinegq@indiatimes.com,Female,99.221.152.9
604,Rupert,Anstey,ransteygr@wufoo.com,Male,212.248.5.145
605,Zack,Rodenborch,zrodenborchgs@quantcast.com,Male,184.143.28.3
606,Cazzie,Overil,coverilgt@amazon.co.uk,Male,160.84.144.79
607,Maggi,Wayper,mwaypergu@weather.com,Female,231.230.220.244
608,Elisha,Dagleas,edagleasgv@usgs.gov,Male,17.190.253.48
609,Del,Pennock,dpennockgw@facebook.com,Female,9.19.92.55
610,Starlene,Rishman,srishmangx@netlog.com,Female,140.71.10.31
611,Wylie,Abella,wabellagy@studiopress.com,Male,183.47.74.179
612,Teddi,Ellsbury,tellsburygz@wix.com,Female,43.130.28.98
613,Bobbie,Wormleighton,bwormleightonh0@kickstarter.com,Male,131.237.103.98
614,Betta,Roggers,broggersh1@umich.edu,Female,66.100.237.167
615,Rhianna,Sibbs,rsibbsh2@globo.com,Female,85.44.233.183
616,Leupold,Dykes,ldykesh3@gizmodo.com,Male,109.210.197.252
617,Rodney,Geake,rgeakeh4@storify.com,Male,81.106.59.74
618,Victor,Barz,vbarzh5@google.cn,Male,41.200.208.22
619,Chucho,Minichillo,cminichilloh6@sina.com.cn,Male,12.232.66.193
620,Eulalie,Medgwick,emedgwickh7@uiuc.edu,Female,156.81.242.170
621,Britt,Arr,barrh8@mozilla.org,Male,40.184.129.79
622,Caralie,Beane,cbeaneh9@virginia.edu,Female,225.139.188.89
623,Stacee,MacMenamie,smacmenamieha@google.co.jp,Male,178.66.246.25
624,Issy,Sexti,isextihb@homestead.com,Female,154.182.223.58
625,Dev,Avesque,davesquehc@canalblog.com,Male,41.221.1.80
626,Worth,Bedells,wbedellshd@google.de,Male,254.137.161.92
627,Thibaut,Bene,tbenehe@ihg.com,Male,210.222.215.112
628,Con,Weins,cweinshf@vistaprint.com,Male,25.215.29.92
629,Pen,Rainer,prainerhg@earthlink.net,Male,211.131.225.231
630,Bernete,Kochlin,bkochlinhh@mac.com,Female,130.92.137.68
631,Martino,Klich,mklichhi@businessinsider.com,Male,98.35.189.21
632,Dalston,Martino,dmartinohj@ning.com,Male,245.50.100.32
633,Lizbeth,Cropper,lcropperhk@nps.gov,Female,148.23.107.88
634,Fred,Bellison,fbellisonhl@usa.gov,Female,130.204.172.17
635,Fransisco,Pudden,fpuddenhm@plala.or.jp,Male,247.1.64.242
636,Heywood,Tunesi,htunesihn@histats.com,Male,212.142.222.238
637,Monroe,Wasiel,mwasielho@webnode.com,Male,26.168.9.95
638,Padraic,Lowrey,plowreyhp@t-online.de,Male,163.153.70.195
639,Eddy,Ruffler,erufflerhq@squidoo.com,Male,63.0.21.178
640,Trisha,Davenhall,tdavenhallhr@cargocollective.com,Female,109.72.246.80
641,Jacquelyn,Mitie,jmitiehs@deviantart.com,Female,213.32.172.81
642,Wandie,Kellaway,wkellawayht@mtv.com,Female,63.161.173.22
643,Cecelia,Wheeliker,cwheelikerhu@google.cn,Female,19.64.65.27
644,Chrissy,Brewin,cbrewinhv@google.com.hk,Female,34.195.207.73
645,Bernard,Piggford,bpiggfordhw@facebook.com,Male,184.43.66.217
646,Seumas,Bollans,sbollanshx@is.gd,Male,104.40.74.198
647,Harmonia,Light,hlighthy@home.pl,Female,252.30.187.188
648,Peyter,Taffee,ptaffeehz@icq.com,Male,168.184.47.202
649,Kile,Shovlar,kshovlari0@nasa.gov,Male,192.5.163.5
650,Nicolas,Brameld,nbrameldi1@yandex.ru,Male,209.153.246.49
651,Patin,Fyldes,pfyldesi2@vimeo.com,Male,240.122.141.24
652,Aluino,Twitchett,atwitchetti3@mashable.com,Male,158.241.137.82
653,Ardys,Sharland,asharlandi4@joomla.org,Female,179.102.187.173
654,Jennine,Spikeings,jspikeingsi5@wix.com,Female,214.147.135.148
655,Packston,Cardero,pcarderoi6@spiegel.de,Male,24.85.132.173
656,Rodrick,Oddboy,roddboyi7@sourceforge.net,Male,136.240.38.246
657,Reinald,Nerney,rnerneyi8@yelp.com,Male,241.109.55.45
658,Celestina,Prewer,cpreweri9@independent.co.uk,Female,146.165.11.241
659,Gregoire,Birt,gbirtia@house.gov,Male,95.194.197.39
660,Lonna,Fowden,lfowdenib@dell.com,Female,201.211.84.91
661,Wilek,Boggish,wboggishic@sitemeter.com,Male,145.201.147.119
662,Abeu,Toxell,atoxellid@soundcloud.com,Male,125.148.139.127
663,Lindsay,Beveridge,lbeveridgeie@netvibes.com,Female,43.11.23.102
664,Gracia,Rollitt,grollittif@ucoz.ru,Female,252.236.41.171
665,Jewel,Falkingham,jfalkinghamig@cargocollective.com,Female,173.151.17.65
666,Jonah,Oller,jollerih@gov.uk,Male,167.206.54.45
667,Emmey,Jamson,ejamsonii@comsenz.com,Female,100.211.108.182
668,Antonetta,Hesse,ahesseij@wordpress.com,Female,29.226.130.45
669,Beatrisa,Ferrone,bferroneik@sohu.com,Female,251.134.156.110
670,Kleon,Busfield,kbusfieldil@xinhuanet.com,Male,250.81.77.179
671,Katinka,Litherland,klitherlandim@state.gov,Female,95.44.138.6
672,Heath,Habbin,hhabbinin@nps.gov,Male,235.122.191.196
673,Janaye,Morrill,jmorrillio@dailymail.co.uk,Female,93.230.100.113
674,Ailsun,Nerney,anerneyip@instagram.com,Female,61.24.107.179
675,Nadia,Glassard,nglassardiq@twitter.com,Female,100.121.90.50
676,Meredeth,Truesdale,mtruesdaleir@tamu.edu,Male,48.92.191.105
677,Nolly,Negal,nnegalis@google.com,Male,173.135.48.19
678,Constantine,Munkley,cmunkleyit@cnn.com,Female,54.160.139.105
679,Warden,Badham,wbadhamiu@house.gov,Male,111.124.15.38
680,Sybil,Djurevic,sdjureviciv@youtube.com,Female,229.77.156.145
681,Brannon,Shuttell,bshuttelliw@wikia.com,Male,143.55.218.60
682,Nerte,Fydoe,nfydoeix@facebook.com,Female,85.92.252.1
683,Buddy,Pury,bpuryiy@360.cn,Male,176.138.235.12
684,Inigo,Christall,ichristalliz@thetimes.co.uk,Male,157.0.13.221
685,Anjanette,Keeffe,akeeffej0@apache.org,Female,119.132.201.104
686,Arvie,Dinis,adinisj1@tuttocitta.it,Male,208.6.74.168
687,Karil,Yankov,kyankovj2@ibm.com,Female,157.225.20.48
688,Clementina,Mendes,cmendesj3@woothemes.com,Female,22.31.134.89
689,Jamima,Giggs,jgiggsj4@tumblr.com,Female,226.184.235.22
690,Norry,Cicchillo,ncicchilloj5@icio.us,Female,61.235.135.143
691,Myrtice,Guthrie,mguthriej6@weather.com,Female,194.13.25.109
692,Aile,Cayle,acaylej7@ucoz.com,Female,170.176.123.43
693,Melli,Dene,mdenej8@nhs.uk,Female,236.90.200.38
694,Dell,Kennedy,dkennedyj9@w3.org,Female,14.75.111.204
695,Booth,Turnbull,bturnbullja@china.com.cn,Male,97.177.136.33
696,Katharine,Iscowitz,kiscowitzjb@wunderground.com,Female,238.172.212.165
697,Ev,Brouwer,ebrouwerjc@samsung.com,Male,251.186.183.93
698,Ian,McIndrew,imcindrewjd@wufoo.com,Male,39.240.118.31
699,Killy,Hixley,khixleyje@icq.com,Male,171.213.199.26
700,Cheston,Prayer,cprayerjf@columbia.edu,Male,196.232.84.122
701,Stu,Donlon,sdonlonjg@hud.gov,Male,248.171.133.227
702,Orville,Crook,ocrookjh@mit.edu,Male,145.208.67.65
703,Ursuline,Hurry,uhurryji@google.it,Female,91.116.195.228
704,Lesley,Bradder,lbradderjj@ameblo.jp,Male,56.99.131.159
705,Shermie,Angless,sanglessjk@archive.org,Male,133.95.77.226
706,Jamima,Brideaux,jbrideauxjl@trellian.com,Female,215.100.96.95
707,Gwennie,Moorton,gmoortonjm@about.me,Female,75.237.57.174
708,Miran,Clowney,mclowneyjn@ca.gov,Female,60.129.98.241
709,Helyn,Presser,hpresserjo@behance.net,Female,61.93.136.97
710,Dwain,Peacham,dpeachamjp@newyorker.com,Male,94.113.193.37
711,Ailbert,Gwyneth,agwynethjq@spotify.com,Male,104.36.190.176
712,Rafi,Pomphrey,rpomphreyjr@g.co,Male,12.195.42.172
713,Arman,MacGuffog,amacguffogjs@reference.com,Male,207.85.183.204
714,Monti,Scarlet,mscarletjt@wikimedia.org,Male,187.194.127.117
715,Correy,Louiset,clouisetju@dell.com,Female,208.210.153.171
716,Jessamyn,Odhams,jodhamsjv@ebay.com,Female,64.63.190.222
717,Filip,Lamming,flammingjw@craigslist.org,Male,231.71.190.172
718,Ollie,Andrzejewski,oandrzejewskijx@shareasale.com,Female,136.190.59.28
719,Melantha,Mill,mmilljy@exblog.jp,Female,29.157.188.168
720,Ainslie,Cove,acovejz@cisco.com,Female,180.45.103.68
721,Maryrose,Chanter,mchanterk0@moonfruit.com,Female,15.242.225.78
722,Liuka,Dionsetti,ldionsettik1@storify.com,Female,239.113.151.174
723,Chrystel,Bettinson,cbettinsonk2@bluehost.com,Female,126.249.96.185
724,Wayne,Evason,wevasonk3@google.it,Male,22.86.230.233
725,Courtnay,Gerner,cgernerk4@newsvine.com,Male,6.92.213.129
726,Jsandye,Biesinger,jbiesingerk5@yahoo.co.jp,Female,104.221.143.174
727,Sonia,Staveley,sstaveleyk6@wired.com,Female,37.205.91.222
728,Emelyne,Frear,efreark7@usa.gov,Female,51.220.29.181
729,Debi,Crinidge,dcrinidgek8@yellowbook.com,Female,183.110.82.204
730,Jae,Dedham,jdedhamk9@stanford.edu,Male,77.192.194.219
731,Meier,Wrotchford,mwrotchfordka@usatoday.com,Male,228.199.239.227
732,Sandye,Heinish,sheinishkb@alexa.com,Female,173.141.140.242
733,Ruttger,Bagge,rbaggekc@dmoz.org,Male,141.165.208.82
734,Mei,Francescuccio,mfrancescucciokd@cnn.com,Female,165.0.60.205
735,Jesse,Blaycock,jblaycockke@infoseek.co.jp,Female,179.193.228.50
736,Carlyle,Whitters,cwhitterskf@google.com,Male,13.78.174.99
737,Worden,Tween,wtweenkg@acquirethisname.com,Male,62.74.142.184
738,Willetta,Dries,wdrieskh@goo.ne.jp,Female,192.250.184.7
739,Muhammad,Horbart,mhorbartki@deviantart.com,Male,79.231.82.86
740,Jerry,Jamison,jjamisonkj@lulu.com,Male,70.114.58.61
741,Christopher,Kinningley,ckinningleykk@51.la,Male,223.155.111.132
742,Dolli,Stoving,dstovingkl@eepurl.com,Female,242.27.164.135
743,Kassi,Waterworth,kwaterworthkm@posterous.com,Female,32.99.30.185
744,Ted,Ambroziak,tambroziakkn@japanpost.jp,Male,37.213.78.45
745,Linoel,Corbally,lcorballyko@yellowbook.com,Male,55.202.152.94
746,Libbie,Sinkin,lsinkinkp@ezinearticles.com,Female,98.201.38.10
747,Amaleta,Saleway,asalewaykq@vkontakte.ru,Female,154.203.81.104
748,Amalee,Bayns,abaynskr@tmall.com,Female,159.40.70.89
749,Mario,Fawbert,mfawbertks@mysql.com,Male,86.14.208.7
750,Irvin,Biaggioni,ibiaggionikt@sourceforge.net,Male,88.172.95.207
751,Cherilynn,Lamanby,clamanbyku@t.co,Female,134.126.253.105
752,Edyth,Borless,eborlesskv@sbwire.com,Female,185.66.164.104
753,Arlie,McDugal,amcdugalkw@yellowbook.com,Female,164.243.74.71
754,Trudy,Pawfoot,tpawfootkx@php.net,Female,222.104.8.175
755,Chrissie,Jedrzejkiewicz,cjedrzejkiewiczky@macromedia.com,Male,65.18.51.49
756,Putnem,Pauler,ppaulerkz@skype.com,Male,173.168.16.26
757,Silvan,Rossiter,srossiterl0@amazonaws.com,Male,60.170.242.34
758,Andre,Vila,avilal1@quantcast.com,Male,243.214.8.251
759,Orville,Beadon,obeadonl2@ucsd.edu,Male,45.215.1.184
760,Beret,Santry,bsantryl3@wordpress.org,Female,215.216.7.132
761,Abagael,Andrzejowski,aandrzejowskil4@parallels.com,Female,153.141.169.23
762,Osbourn,de Banke,odebankel5@over-blog.com,Male,240.61.78.99
763,Kittie,de Banke,kdebankel6@usgs.gov,Female,186.103.23.188
764,Fabian,Chagg,fchaggl7@shop-pro.jp,Male,128.246.99.8
765,Rollin,Groven,rgrovenl8@jimdo.com,Male,54.51.120.244
766,Paquito,Pickavant,ppickavantl9@china.com.cn,Male,92.101.14.252
767,Ellswerth,Warbeys,ewarbeysla@goo.gl,Male,25.4.131.25
768,Abbey,Posse,aposselb@last.fm,Male,116.170.160.170
769,Harlan,Jursch,hjurschlc@123-reg.co.uk,Male,211.237.148.250
770,Erin,Filipczak,efilipczakld@blogspot.com,Female,132.26.88.201
771,Meggie,Corbet,mcorbetle@xinhuanet.com,Female,121.147.239.35
772,Dick,Longshaw,dlongshawlf@booking.com,Male,0.100.47.34
773,Nanon,Boughey,nbougheylg@canalblog.com,Female,159.23.108.26
774,Elvis,Benedicto,ebenedictolh@china.com.cn,Male,13.25.41.194
775,Ragnar,Risbridge,rrisbridgeli@liveinternet.ru,Male,4.192.252.202
776,Sile,Edgson,sedgsonlj@xinhuanet.com,Female,154.255.226.179
777,Thia,MacCrosson,tmaccrossonlk@independent.co.uk,Female,160.15.19.114
778,Roderic,Reeme,rreemell@posterous.com,Male,83.141.33.147
779,Lucius,Rugiero,lrugierolm@china.com.cn,Male,238.162.51.127
780,Maxie,Lacotte,mlacotteln@toplist.cz,Male,239.124.112.1
781,Andree,Rosin,arosinlo@census.gov,Female,132.173.68.19
782,Lianne,Lowcock,llowcocklp@wired.com,Female,230.142.101.247
783,Judas,Meadmore,jmeadmorelq@artisteer.com,Male,221.137.179.74
784,Waylin,Hawtry,whawtrylr@ibm.com,Male,237.91.209.154
785,Tim,Weldrake,tweldrakels@canalblog.com,Female,94.230.139.1
786,Dulsea,Whitty,dwhittylt@msn.com,Female,76.199.232.244
787,Ferdie,Keneforde,fkenefordelu@sina.com.cn,Male,39.137.157.188
788,Wendell,Phillps,wphillpslv@rediff.com,Male,67.10.157.23
789,Marty,Dixie,mdixielw@wikia.com,Female,240.255.201.19
790,Finley,Coiley,fcoileylx@digg.com,Male,32.93.78.86
791,Rachelle,Coyish,rcoyishly@friendfeed.com,Female,54.28.181.23
792,Genevieve,Pimlott,gpimlottlz@usnews.com,Female,207.168.45.16
793,Grant,Philipeau,gphilipeaum0@examiner.com,Male,175.172.209.115
794,Barri,Ludmann,bludmannm1@deliciousdays.com,Male,237.171.104.155
795,Garrard,Abramamov,gabramamovm2@shop-pro.jp,Male,97.250.175.138
796,Win,Valentine,wvalentinem3@cloudflare.com,Male,28.202.93.192
797,Pearla,Vina,pvinam4@yellowbook.com,Female,117.204.99.226
798,Rosalinda,Greguoli,rgreguolim5@ihg.com,Female,217.160.162.60
799,Lauren,Mayer,lmayerm6@google.ru,Female,20.29.131.164
800,Cassaundra,Mannakee,cmannakeem7@yahoo.com,Female,111.206.139.52
801,Jack,Giacomuzzo,jgiacomuzzom8@tripadvisor.com,Male,167.136.57.49
802,Gabriellia,Freear,gfreearm9@nba.com,Female,24.174.178.5
803,Blythe,Loffhead,bloffheadma@t.co,Female,73.184.31.212
804,Seamus,Ricart,sricartmb@vk.com,Male,0.243.166.217
805,Rodney,Chittleburgh,rchittleburghmc@google.nl,Male,45.142.190.124
806,Shelley,Clowney,sclowneymd@twitter.com,Male,40.60.133.99
807,Elita,Kerton,ekertonme@shutterfly.com,Female,255.146.237.23
808,Leisha,Klimaszewski,lklimaszewskimf@hexun.com,Female,198.55.123.80
809,Annelise,Trenaman,atrenamanmg@studiopress.com,Female,235.26.37.127
810,Shae,Ryam,sryammh@indiatimes.com,Male,1.1.182.10
811,Crysta,Stirton,cstirtonmi@comsenz.com,Female,246.51.144.254
812,Tersina,Stoodale,tstoodalemj@guardian.co.uk,Female,103.218.65.187
813,Pansy,MacParlan,pmacparlanmk@columbia.edu,Female,34.214.149.36
814,Molli,Spaldin,mspaldinml@yolasite.com,Female,33.229.172.142
815,Valle,Gratrix,vgratrixmm@wikimedia.org,Male,117.49.182.57
816,Mano,Juanes,mjuanesmn@miitbeian.gov.cn,Male,89.101.117.180
817,Bret,Lamboll,blambollmo@delicious.com,Male,63.204.84.126
818,Giordano,Cockshot,gcockshotmp@spiegel.de,Male,69.220.44.3
819,Justis,Elgee,jelgeemq@php.net,Male,232.157.70.24
820,Gaelan,Matyatin,gmatyatinmr@nih.gov,Male,19.241.58.150
821,Boote,Allery,balleryms@yandex.ru,Male,35.148.236.52
822,Gennie,Deverale,gdeveralemt@engadget.com,Female,22.76.231.228
823,Kat,O' Gara,kogaramu@liveinternet.ru,Female,171.142.201.207
824,Ethelyn,Aslum,easlummv@myspace.com,Female,42.148.168.2
825,Danell,Campsall,dcampsallmw@yolasite.com,Female,106.215.43.87
826,Korella,Berkley,kberkleymx@domainmarket.com,Female,138.136.96.235
827,Joel,Diver,jdivermy@yelp.com,Male,136.156.91.14
828,Della,Shakelady,dshakeladymz@php.net,Female,199.108.255.44
829,Rory,Brew,rbrewn0@quantcast.com,Female,217.251.139.130
830,Nicolle,Greyes,ngreyesn1@mlb.com,Female,53.169.100.71
831,Ophelie,Dewhurst,odewhurstn2@theglobeandmail.com,Female,203.170.66.207
832,Nealson,Mirando,nmirandon3@fema.gov,Male,20.255.212.166
833,Brigit,L'Amie,blamien4@blog.com,Female,92.37.46.98
834,Eula,Nassey,enasseyn5@w3.org,Female,185.146.40.45
835,Oswell,Brundrett,obrundrettn6@typepad.com,Male,139.186.114.255
836,Farrel,Whoston,fwhostonn7@slate.com,Male,201.71.90.242
837,Lorin,Gowlett,lgowlettn8@zdnet.com,Male,54.232.153.41
838,Leo,Vell,lvelln9@barnesandnoble.com,Male,235.124.107.125
839,Isa,Kington,ikingtonna@zdnet.com,Male,199.192.181.22
840,Kalvin,Northley,knorthleynb@addtoany.com,Male,249.117.227.121
841,Letizia,Malser,lmalsernc@icio.us,Female,194.26.142.4
842,Robbie,Bond,rbondnd@tamu.edu,Male,111.110.215.37
843,Brooks,Gasquoine,bgasquoinene@squidoo.com,Male,219.191.143.186
844,Gonzales,Dyneley,gdyneleynf@squidoo.com,Male,229.55.144.55
845,Yehudi,Peck,ypeckng@multiply.com,Male,99.119.163.52
846,Laetitia,Minihane,lminihanenh@stanford.edu,Female,176.76.31.239
847,Jens,Grisley,jgrisleyni@unblog.fr,Male,156.200.24.37
848,Lucio,Pavlovsky,lpavlovskynj@theglobeandmail.com,Male,186.162.92.201
849,Gabriello,Keating,gkeatingnk@jigsy.com,Male,173.38.147.217
850,Morlee,Breddy,mbreddynl@netlog.com,Male,230.226.26.114
851,Gregor,Criple,gcriplenm@princeton.edu,Male,115.239.251.244
852,Arthur,Bestall,abestallnn@state.gov,Male,104.7.4.99
853,Beverie,Oret,boretno@edublogs.org,Female,111.121.96.86
854,Vivian,Otham,vothamnp@is.gd,Female,205.116.33.92
855,Timi,Alflatt,talflattnq@blogger.com,Female,82.182.205.153
856,Danit,Cridlan,dcridlannr@newyorker.com,Female,126.124.184.88
857,Franny,Dobell,fdobellns@dmoz.org,Male,92.57.230.81
858,Vick,Albion,valbionnt@washingtonpost.com,Male,57.163.3.230
859,Shaw,Dain,sdainnu@hud.gov,Male,53.49.217.0
860,Isabelle,Sanzio,isanzionv@loc.gov,Female,25.21.204.152
861,Adlai,Pugh,apughnw@oaic.gov.au,Male,220.84.43.72
862,Sheila,Berardt,sberardtnx@apple.com,Female,135.50.101.115
863,Guthry,Manketell,gmanketellny@netlog.com,Male,208.23.47.17
864,Marj,Chrstine,mchrstinenz@mysql.com,Female,130.108.148.25
865,Bevon,Wison,bwisono0@themeforest.net,Male,196.134.143.206
866,Krystalle,Pentycross,kpentycrosso1@netvibes.com,Female,88.53.227.73
867,Sly,Acock,sacocko2@fc2.com,Male,63.95.0.144
868,Collie,Sly,cslyo3@elpais.com,Female,206.188.127.75
869,Milton,Jowers,mjowerso4@yolasite.com,Male,40.148.101.42
870,Emeline,Tuckett,etucketto5@arizona.edu,Female,64.222.112.26
871,Adham,Damiral,adamiralo6@patch.com,Male,212.149.101.155
872,Rosabelle,Weddeburn - Scrimgeour,rweddeburnscrimgeouro7@printfriendly.com,Female,49.1.145.3
873,Carol,Kubes,ckubeso8@engadget.com,Female,32.37.184.132
874,Jeff,Morrel,jmorrelo9@netlog.com,Male,186.177.140.252
875,Frankie,Silcox,fsilcoxoa@booking.com,Female,244.206.33.66
876,Reinhold,Harvison,rharvisonob@wunderground.com,Male,229.190.8.146
877,Krishnah,Ciciotti,kciciottioc@deliciousdays.com,Male,254.94.65.131
878,Serge,Elcoux,selcouxod@simplemachines.org,Male,9.1.199.223
879,Ilene,Deverell,ideverelloe@uol.com.br,Female,27.71.253.175
880,Isobel,Halmkin,ihalmkinof@nsw.gov.au,Female,95.170.119.39
881,Edy,Brandoni,ebrandoniog@hibu.com,Female,85.66.15.41
882,Brandtr,Beceril,bbeceriloh@ted.com,Male,16.226.98.54
883,Zechariah,Bailes,zbailesoi@columbia.edu,Male,170.127.48.200
884,Zulema,Saul,zsauloj@vistaprint.com,Female,196.55.51.11
885,Doyle,Midlane,dmidlaneok@symantec.com,Male,241.45.93.57
886,Fredrick,Streatfeild,fstreatfeildol@sakura.ne.jp,Male,109.108.93.247
887,Tony,Jozsa,tjozsaom@sun.com,Male,109.48.252.52
888,Nico,Samwell,nsamwellon@t.co,Male,39.149.61.75
889,Pauletta,McIan,pmcianoo@buzzfeed.com,Female,122.67.107.135
890,Janey,Vondrach,jvondrachop@geocities.com,Female,105.158.51.124
891,Rosalyn,Raeburn,rraeburnoq@sitemeter.com,Female,201.180.194.67
892,Ursula,Glastonbury,uglastonburyor@cam.ac.uk,Female,97.202.103.43
893,Lilith,Daine,ldaineos@ucoz.ru,Female,208.228.155.160
894,Silvan,Wiggans,swiggansot@live.com,Male,52.116.38.108
895,Fraser,Leyman,fleymanou@sakura.ne.jp,Male,94.248.189.90
896,Natty,Bradnocke,nbradnockeov@usnews.com,Female,225.237.187.228
897,Moe,Crothers,mcrothersow@4shared.com,Male,101.228.141.215
898,Friederike,Siehard,fsiehardox@miibeian.gov.cn,Female,239.213.224.44
899,Audy,Bjerkan,abjerkanoy@marriott.com,Female,250.19.103.169
900,Jammal,Ronald,jronaldoz@jimdo.com,Male,2.26.14.54
901,Luke,Tombling,ltomblingp0@deliciousdays.com,Male,143.44.216.51
902,Fabien,Elfitt,felfittp1@sourceforge.net,Male,67.6.141.64
903,Lauryn,Sleep,lsleepp2@dmoz.org,Female,215.12.69.85
904,Deva,Hillyatt,dhillyattp3@google.ca,Female,57.106.72.184
905,Jordanna,Loughton,jloughtonp4@typepad.com,Female,179.87.161.6
906,Jori,Maffioletti,jmaffiolettip5@sbwire.com,Female,205.41.224.36
907,Elinor,Palmby,epalmbyp6@abc.net.au,Female,87.36.108.230
908,Emylee,Kebell,ekebellp7@spotify.com,Female,74.44.147.154
909,Alexi,Walsham,awalshamp8@unesco.org,Female,150.224.65.8
910,Luther,Jodkowski,ljodkowskip9@comcast.net,Male,223.171.180.191
911,Shina,Deschelle,sdeschellepa@hatena.ne.jp,Female,226.186.63.198
912,Bernice,Krop,bkroppb@instagram.com,Female,169.153.107.18
913,Augy,Tills,atillspc@pagesperso-orange.fr,Male,212.171.72.145
914,Saundra,Gerok,sgerokpd@networkadvertising.org,Male,166.27.232.134
915,Waylan,Francescuzzi,wfrancescuzzipe@addthis.com,Male,15.87.14.244
916,Gaspar,Duddell,gduddellpf@cmu.edu,Male,22.161.220.216
917,Allie,Tomblings,atomblingspg@ehow.com,Female,62.90.107.222
918,Dolph,Semmence,dsemmenceph@reverbnation.com,Male,107.131.33.90
919,Gardy,Danihel,gdanihelpi@wunderground.com,Male,96.17.159.138
920,Filippo,Schriren,fschrirenpj@ycombinator.com,Male,247.29.228.68
921,Melita,Dionsetti,mdionsettipk@oakley.com,Female,220.132.153.161
922,Rudiger,Sim,rsimpl@dagondesign.com,Male,239.162.233.198
923,Karoly,Cessford,kcessfordpm@ezinearticles.com,Female,235.95.19.97
924,Edi,Stuchburie,estuchburiepn@symantec.com,Female,95.152.189.26
925,Aile,Gilffilland,agilffillandpo@epa.gov,Female,233.224.211.70
926,Verine,Onyon,vonyonpp@constantcontact.com,Female,162.17.180.13
927,Gordan,Wilks,gwilkspq@wired.com,Male,60.74.47.88
928,Hughie,Beeken,hbeekenpr@technorati.com,Male,14.148.164.212
929,Salmon,Doblin,sdoblinps@smh.com.au,Male,103.241.235.94
930,Lacee,Mounch,lmounchpt@privacy.gov.au,Female,51.85.25.202
931,Thorpe,Ledstone,tledstonepu@storify.com,Male,125.223.82.120
932,Connie,Eisak,ceisakpv@boston.com,Male,185.252.230.160
933,Simone,Gawkes,sgawkespw@devhub.com,Male,5.216.131.231
934,La verne,Lown,llownpx@bing.com,Female,130.12.234.66
935,Sheeree,Salsberg,ssalsbergpy@issuu.com,Female,237.234.168.40
936,Aryn,Durnill,adurnillpz@google.com.br,Female,145.183.155.151
937,Ernesto,Croall,ecroallq0@merriam-webster.com,Male,190.77.3.66
938,Clerkclaude,Brusin,cbrusinq1@accuweather.com,Male,214.255.211.107
939,Court,Crowe,ccroweq2@shop-pro.jp,Male,144.184.104.98
940,Alvis,Houseago,ahouseagoq3@elegantthemes.com,Male,226.46.115.146
941,Colby,Lotherington,clotheringtonq4@parallels.com,Male,155.38.106.197
942,Tabor,Ketley,tketleyq5@simplemachines.org,Male,181.61.133.27
943,Harv,Doubrava,hdoubravaq6@gravatar.com,Male,58.54.156.244
944,Jasmina,Tregust,jtregustq7@imageshack.us,Female,185.116.136.205
945,Genevieve,Goddard,ggoddardq8@myspace.com,Female,184.39.233.150
946,Robinetta,Marston,rmarstonq9@tripadvisor.com,Female,35.217.4.81
947,Arie,Hassett,ahassettqa@statcounter.com,Male,128.147.133.110
948,Mirella,Lamp,mlampqb@wired.com,Female,24.209.160.160
949,Korry,Crichmere,kcrichmereqc@cloudflare.com,Female,123.236.157.27
950,Dottie,Reasce,dreasceqd@cbsnews.com,Female,198.167.111.151
951,Taber,Critch,tcritchqe@ifeng.com,Male,34.23.117.202
952,Lynnet,Pemble,lpembleqf@google.ru,Female,135.133.63.125
953,Lonee,Heeran,lheeranqg@yellowpages.com,Female,209.146.64.170
954,Letisha,Emilien,lemilienqh@eventbrite.com,Female,219.69.87.175
955,Boot,Pinshon,bpinshonqi@epa.gov,Male,76.110.173.1
956,Casper,Rounce,crounceqj@examiner.com,Male,61.158.10.27
957,Esther,Medhurst,emedhurstqk@who.int,Female,29.63.71.22
958,Raffarty,Spyvye,rspyvyeql@senate.gov,Male,135.33.213.253
959,Camella,Lawtey,clawteyqm@cdc.gov,Female,216.90.94.132
960,Mala,Vorley,mvorleyqn@multiply.com,Female,107.239.82.132
961,Donalt,Surcomb,dsurcombqo@soup.io,Male,31.97.219.228
962,Perle,Gowlett,pgowlettqp@umich.edu,Female,161.224.121.173
963,Coralyn,Yegorovnin,cyegorovninqq@w3.org,Female,216.83.68.238
964,Miran,Goggin,mgogginqr@paypal.com,Female,174.28.117.43
965,Rene,Beech,rbeechqs@joomla.org,Male,122.82.116.181
966,Jeffry,Hinchshaw,jhinchshawqt@unblog.fr,Male,169.94.226.147
967,Saunderson,Poltone,spoltonequ@yellowpages.com,Male,40.14.164.11
968,Dolph,Hemphill,dhemphillqv@ovh.net,Male,243.206.75.93
969,Cornell,Potteril,cpotterilqw@amazon.co.uk,Male,30.79.7.55
970,Laurie,Daffey,ldaffeyqx@ow.ly,Male,65.48.147.200
971,Marge,Guihen,mguihenqy@google.de,Female,182.251.208.133
972,Heinrik,Carayol,hcarayolqz@cocolog-nifty.com,Male,122.198.230.8
973,Wilow,Gudgion,wgudgionr0@wsj.com,Female,103.213.181.248
974,Care,Sargant,csargantr1@arizona.edu,Male,46.93.162.69
975,Euell,Roz,erozr2@eepurl.com,Male,164.245.41.145
976,Felisha,Spawton,fspawtonr3@about.com,Female,138.156.54.255
977,Ira,Mussared,imussaredr4@smh.com.au,Male,101.166.22.146
978,Arni,Stubbe,astubber5@mashable.com,Male,125.130.230.198
979,Rance,Theyer,rtheyerr6@geocities.com,Male,86.227.100.188
980,Lee,Rappoport,lrappoportr7@paypal.com,Male,233.55.121.119
981,Teddie,Mawne,tmawner8@economist.com,Male,181.173.141.13
982,Kania,Kohneke,kkohneker9@ox.ac.uk,Female,162.122.235.2
983,Lola,Giacomucci,lgiacomuccira@parallels.com,Female,43.196.98.120
984,Kincaid,Khristyukhin,kkhristyukhinrb@hugedomains.com,Male,190.210.36.106
985,Scot,Clemon,sclemonrc@joomla.org,Male,113.214.36.34
986,Quintana,Woodward,qwoodwardrd@webnode.com,Female,185.177.234.227
987,Norina,Crinion,ncrinionre@booking.com,Female,117.10.55.3
988,Mareah,Botfield,mbotfieldrf@quantcast.com,Female,173.241.19.58
989,Florrie,Tarling,ftarlingrg@mayoclinic.com,Female,153.50.218.4
990,Brigham,Powlesland,bpowleslandrh@constantcontact.com,Male,225.23.5.13
991,Pooh,Laugier,plaugierri@hexun.com,Female,168.227.187.151
992,Iris,Runnacles,irunnaclesrj@dion.ne.jp,Female,245.59.239.77
993,Mirilla,Storry,mstorryrk@bloomberg.com,Female,109.248.217.188
994,Denise,Diack,ddiackrl@paginegialle.it,Female,34.231.197.120
995,Walt,Trevillion,wtrevillionrm@aboutads.info,Male,141.187.215.7
996,Bond,Tomankiewicz,btomankiewiczrn@moonfruit.com,Male,219.168.61.124
997,Lotta,Elegood,lelegoodro@seattletimes.com,Female,170.238.113.6
998,Lilas,Segar,lsegarrp@unc.edu,Female,70.114.27.38
999,Aldridge,Tozer,atozerrq@soup.io,Male,164.103.218.6
1000,Lemar,Itzkovitch,litzkovitchrr@nasa.gov,Male,208.48.87.15
